{"cameraMode":{"drawMode":0,"name":"Shaded","section":"Shading Mode"},"sceneLighting":false,"audioPlay":false,"sceneViewState":{"showFog":true,"showMaterialUpdate":false,"showSkybox":true,"showFlares":true,"showImageEffects":true,"showParticleSystems":true},"in2DMode":false,"pivot":{"x":-2.289942741394043,"y":2.8869073390960695,"z":2.6089048385620119},"rotation":{"x":0.17628994584083558,"y":-0.7342159152030945,"z":0.20819759368896485,"w":0.6217005848884583},"size":8.224098205566407,"orthographic":false}